{
    "config": {
        "BatchSize": 4096,
        "Epochs": 24,
        "LR": 0.01
    },
    "losses": [
        0.007936024107038975,
        0.0015428852057084441,
        0.001511013018898666,
        0.0014942794805392623,
        0.00044750163215212524,
        0.0061827609315514565,
        0.002327161841094494,
        0.001376294414512813,
        0.0013430177932605147,
        0.0008982569561339915,
        0.0010709541384130716,
        0.0010705473832786083,
        0.0007969014695845544,
        0.00121410156134516,
        0.0006612645811401308,
        0.0005960911512374878,
        0.0008699159952811897,
        0.001273509580641985,
        0.0007588434382341802,
        0.0008784253150224686,
        0.0004749220097437501,
        0.0007882879581302404,
        0.0007959962822496891,
        0.0009079463197849691
    ],
    "evaluation_results": [
        1.4225028185814907,
        1.8412093634516271,
        1.7948047046479816,
        1.7749818060171783,
        1.7658615563276217,
        1.9472151458359346,
        2.0821976504350235,
        2.1753603110323105,
        2.146237754209503,
        2.1306209062244252,
        2.19505871764168,
        2.1168743228158244,
        2.1694936084051357,
        2.1689131367011316,
        2.184653037914038,
        2.1800195721316222,
        2.208208530915267,
        2.1627973512107115,
        2.203137104299061,
        2.1839887872103656,
        2.2077637597214887,
        2.1757389142685324,
        2.267725283989117,
        2.289237670976821
    ]
}