{
    "config": {
        "BatchSize": 4096,
        "Epochs": 48
    },
    "losses": [
        1.6396803855895996,
        1.606243371963501,
        1.4263725280761719,
        1.272293210029602,
        1.2323932647705078,
        1.4762437343597412,
        1.697777509689331,
        2.045954465866089,
        2.1681318283081055,
        2.3346307277679443,
        2.3924484252929688,
        2.3742733001708984,
        2.3834593296051025,
        2.409529209136963,
        2.2179672718048096,
        2.1100010871887207,
        1.9882632493972778,
        1.7477647066116333,
        1.6408923864364624,
        1.3929240703582764,
        1.4218658208847046,
        1.2785916328430176,
        1.2322278022766113,
        1.2107964754104614,
        1.0421793460845947,
        0.9997025728225708,
        1.0489850044250488,
        0.8890687227249146,
        0.7386894226074219,
        0.6048681735992432,
        0.6468716263771057,
        0.6296785473823547,
        0.6255263090133667,
        0.5815562605857849,
        0.6230001449584961,
        0.6108766794204712,
        0.6297361254692078,
        0.5940457582473755,
        0.5858983993530273,
        0.556029736995697,
        0.5763905644416809,
        0.5208700299263,
        0.5481288433074951,
        0.5441699624061584,
        0.5270985960960388,
        0.5766765475273132,
        0.5304270386695862,
        0.484508216381073
    ],
    "evaluation_results": [
        0.5326879767607309,
        0.5271336358116363,
        0.5549330392595209,
        0.5768431853931619,
        0.5585964701391106,
        0.5666034376916016,
        0.5608555403370656,
        0.5642900923654336,
        0.5612311196502118,
        0.5618677747695183,
        0.5693080966244376,
        0.5630365088552981,
        0.5627638887982215,
        0.5794179000624814,
        0.5823018107052926,
        0.5977282422228481,
        0.6106784215771981,
        0.6121194448017167,
        0.6147782587467544,
        0.6122204407727392,
        0.6097804527490546,
        0.6107538668294631,
        0.6091002205699461,
        0.6090756521404708,
        0.6071598427231528,
        0.6007723130295349,
        0.6014375332204702,
        0.5968593966909583,
        0.5968079016191097,
        0.5931543500114096,
        0.5943633500137365,
        0.5956351448771038,
        0.5991441948587537,
        0.5979084343461126,
        0.5980276437217027,
        0.5978857016660942,
        0.5999632713805884,
        0.600171348616496,
        0.6009450019286693,
        0.6014692834154003,
        0.5992212766457281,
        0.6030801922124414,
        0.6079182179484093,
        0.5992798919952242,
        0.6024353851504245,
        0.600297684136292,
        0.5981649973705406,
        0.6012453927331577
    ]
}