{
    "config": {
        "BatchSize": 4096,
        "Epochs": 24
    },
    "losses": [
        1.6617858409881592,
        1.3461765050888062,
        0.902586817741394,
        0.6976409554481506,
        0.6728140115737915,
        0.5949773192405701,
        0.6410810351371765,
        0.5606918334960938,
        0.52178555727005,
        0.6215773224830627,
        0.5048479437828064,
        0.4901937246322632,
        0.4963952302932739,
        0.48769840598106384,
        0.4666030704975128,
        0.4523973762989044,
        0.43773648142814636,
        0.4742094576358795,
        0.45420607924461365,
        0.41483068466186523,
        0.39111706614494324,
        0.4641285240650177,
        0.43156659603118896,
        0.3998151123523712
    ],
    "evaluation_results": [
        0.5651809762851383,
        0.6793960074606119,
        0.6904930689340814,
        0.7232980161224223,
        0.7236466736014213,
        0.7604462492242083,
        0.7771944603582116,
        0.7699018638099153,
        0.7712785732834391,
        0.7879540639661365,
        0.7746296952941577,
        0.7855444570863939,
        0.7892952951576964,
        0.794881789434915,
        0.7878792055788012,
        0.8051577530108114,
        0.7919689768833148,
        0.8007693066677267,
        0.7915379526318463,
        0.8032162743545701,
        0.7989303880149131,
        0.8091989710156486,
        0.8075699084203672,
        0.8090024728249693
    ]
}