{
    "config": {
        "BatchSize": 32768,
        "Epochs": 12
    },
    "losses": [
        0.12049427567159428,
        0.09958644781042547,
        0.09012094990295523,
        0.0854667909005109,
        0.08186061154393588,
        0.0798008184222614,
        0.0779619128388517,
        0.07649041580803254,
        0.07517881901825176,
        0.07373855543487212,
        0.07257479920106776,
        0.07122957776574527
    ],
    "evaluation_results": [
        0.5398659182371806,
        0.553890215527123,
        0.5632720376328099,
        0.572642732838893,
        0.567840869723088,
        0.5729626633620543,
        0.5745982399551751,
        0.5848107367830122,
        0.5687363679536305,
        0.5803248230806192,
        0.5716546758671127,
        0.5785620866544706
    ]
}