{
    "config": {
        "BatchSize": 4096,
        "Epochs": 24
    },
    "losses": [
        1.5723837614059448,
        1.5985616445541382,
        1.7749640941619873,
        2.0024619102478027,
        2.290675640106201,
        2.5454938411712646,
        2.5778441429138184,
        2.6584224700927734,
        2.4976694583892822,
        2.099905490875244,
        1.3161612749099731,
        1.0617811679840088,
        0.7828323245048523,
        0.7751783132553101,
        0.7116795182228088,
        0.793591320514679,
        0.7390797734260559,
        0.8703923225402832,
        0.8436086773872375,
        0.7262232899665833,
        0.824330747127533,
        0.7966286540031433,
        0.9852656722068787,
        0.7646353244781494
    ],
    "evaluation_results": [
        0.49942910748878105,
        0.4957564374585641,
        0.49429084824788105,
        0.49363925646492524,
        0.49273033209307704,
        0.4927000993377941,
        0.49214357344102116,
        0.4969056596704151,
        0.5478624571007322,
        0.5788005921092202,
        0.5894720726223418,
        0.5943876250891419,
        0.5958808470067174,
        0.5965864596437209,
        0.6012087111794877,
        0.6015896073064967,
        0.6043060429575399,
        0.5965655514765434,
        0.6021119644574271,
        0.6073523851808,
        0.605533662633428,
        0.6083728830336453,
        0.6066340032404309,
        0.61175750747195
    ]
}