{
    "config": {
        "BatchSize": 4096,
        "Epochs": 24
    },
    "losses": [
        1.565801978111267,
        1.5212821960449219,
        1.441513180732727,
        1.3322564363479614,
        1.2103087902069092,
        1.0759447813034058,
        0.9723644256591797,
        0.8339787721633911,
        0.8224846124649048,
        0.8174100518226624,
        0.7521777153015137,
        0.7959834933280945,
        0.7278212308883667,
        0.6673934459686279,
        0.6713443398475647,
        0.5915653705596924,
        0.6063660979270935,
        0.5501362085342407,
        0.5457165241241455,
        0.45704880356788635,
        0.4982317090034485,
        0.4474167823791504,
        0.44161534309387207,
        0.3917834162712097
    ],
    "evaluation_results": [
        0.5974919427104914,
        0.6013093406147129,
        0.5924045423268615,
        0.6426750684196614,
        0.7217862399127113,
        0.7135330246929051,
        0.7641842822440277,
        0.6232820712756239,
        0.7429692727981309,
        0.7363426105407758,
        0.7438394931691727,
        0.7163227543722323,
        0.780770677864647,
        0.8314471986862138,
        0.8017814145445264,
        0.8276755659898175,
        0.8048118306155813,
        0.7851616364406631,
        0.7173049042682051,
        0.8450220576319567,
        0.858067323320517,
        0.8583577181621667,
        0.8386761013135398,
        0.8623403796660168
    ]
}