{
    "config": {
        "BatchSize": 4096,
        "Epochs": 24
    },
    "losses": [
        1.6899664402008057,
        1.4775967597961426,
        1.7152347564697266,
        1.7137614488601685,
        0.7655311822891235,
        0.7128063440322876,
        0.6376441717147827,
        0.502508819103241,
        0.32902923226356506,
        0.4459453225135803,
        0.23393623530864716,
        0.27583980560302734,
        0.299491286277771,
        0.1509903520345688,
        0.20829671621322632,
        0.14653438329696655,
        0.16114482283592224,
        0.1611737608909607,
        0.20728731155395508,
        0.20582737028598785,
        0.16213202476501465,
        0.11686170101165771,
        0.18553367257118225,
        0.1776900738477707
    ],
    "evaluation_results": [
        0.6158969056563934,
        0.7059536414325858,
        0.7151752628997428,
        0.7800158414939733,
        0.8050751134760242,
        0.8363885663372856,
        0.8580027797807273,
        0.8606138762996527,
        0.8626704993419608,
        0.8644571425530183,
        0.8663726781627515,
        0.8800675436435869,
        0.8840271989080851,
        0.8848514503227104,
        0.8841159799198147,
        0.8818704361118195,
        0.88878071389914,
        0.8864330069101138,
        0.8859070236901692,
        0.8889306185474152,
        0.8893580339375708,
        0.8869619102913437,
        0.8861045266302969,
        0.8840221202974137
    ]
}