{
    "config": {
        "BatchSize": 128,
        "Epochs": 20
    },
    "losses": [
        0.01839829608798027,
        0.021520264446735382,
        0.01032287534326315,
        0.010686829686164856,
        0.014086322858929634,
        0.016004333272576332,
        0.011849724687635899,
        0.02276376448571682,
        0.005729494150727987,
        0.008195593021810055,
        0.009208840318024158,
        0.003059023292735219,
        0.011704321019351482,
        0.01547067891806364,
        0.006646542344242334,
        0.015421000309288502,
        0.0249562319368124,
        0.0059637827798724174,
        0.006162633653730154,
        0.005519267171621323
    ]
}