{
    "config": {
        "BatchSize": 16384,
        "Epochs": 6
    },
    "losses": [
        1.5126940116395045,
        1.4733397125327674,
        1.437529067053412,
        1.1813837785790438,
        0.9597076168895637,
        0.803079757377179
    ],
    "evaluation_results": [
        0.6718628385182429,
        0.6622295035154122,
        0.6531401275673148,
        0.5974376600387796,
        0.6119599137391702,
        0.5851685377965025
    ]
}