{
    "config": {
        "BatchSize": 4096,
        "Epochs": 24
    },
    "losses": [
        1.620715618133545,
        1.5708235502243042,
        1.1325507164001465,
        0.9059032201766968,
        0.6873099207878113,
        0.6183263063430786,
        0.5984476804733276,
        0.5341039896011353,
        0.5656998157501221,
        0.534591794013977,
        0.4917808771133423,
        0.4467882812023163,
        0.4947807788848877,
        0.46621665358543396,
        0.5044620037078857,
        0.5061380863189697,
        0.4833662509918213,
        0.4540499746799469,
        0.47318077087402344,
        0.44990888237953186,
        0.4690173864364624,
        0.4511132538318634,
        0.49437642097473145,
        0.4597541391849518
    ],
    "evaluation_results": [
        0.581014331394554,
        0.6425534289952266,
        0.6732214437408961,
        0.7168585364308021,
        0.7235444932388206,
        0.7237765962279193,
        0.7523100050069091,
        0.7337545837350167,
        0.7388160081593067,
        0.754029889784394,
        0.7691280035218908,
        0.7700861881856083,
        0.7639875325752716,
        0.7655278415709396,
        0.7785260033526155,
        0.7613622562571721,
        0.777204744187471,
        0.7740930041280332,
        0.79285331159371,
        0.7904806405156709,
        0.7887639070340471,
        0.8059247445907265,
        0.8090487756134043,
        0.8069505528813082
    ]
}