{
    "config": {
        "BatchSize": 4096,
        "Epochs": 24,
        "LR": 0.01
    },
    "losses": [
        1.6435155868530273,
        1.2665618658065796,
        0.8916769623756409,
        0.3496728241443634,
        0.2617250680923462,
        0.2189304083585739,
        0.23936979472637177,
        0.23648294806480408,
        0.18824520707130432,
        0.17978926002979279,
        0.16809575259685516,
        0.19293585419654846,
        0.520359218120575,
        0.2016449272632599,
        0.2186821699142456,
        0.18299783766269684,
        0.1618756502866745,
        0.1921093612909317,
        0.13423550128936768,
        0.1777053326368332,
        0.1502312868833542,
        0.1686539500951767,
        0.14035920798778534,
        0.12809084355831146
    ],
    "evaluation_results": [
        2.4934738340096603,
        4.218602692956818,
        7.419523720363956,
        7.3202915402366555,
        5.739488725376825,
        6.7933108880832105,
        7.383530149173903,
        8.584631735187576,
        9.95984106470635,
        11.178382008253495,
        10.29486510927454,
        11.447367743158555,
        13.477724993481718,
        12.70446246679892,
        13.023330116786221,
        13.104261723942798,
        12.810463847136838,
        12.754038500514257,
        13.619974718232307,
        15.441489919601024,
        16.58534962172705,
        18.078592021424637,
        16.585250760372137,
        17.677413656974164
    ]
}