{
    "config": {
        "BatchSize": 4096,
        "Epochs": 48
    },
    "losses": [
        1.6955909729003906,
        1.671753168106079,
        1.384812593460083,
        1.2732685804367065,
        1.2007490396499634,
        1.0846002101898193,
        1.0304371118545532,
        0.8993338942527771,
        0.7832455635070801,
        0.7105932831764221,
        0.6800769567489624,
        0.6190645694732666,
        0.6152812838554382,
        0.5693963170051575,
        0.6008785367012024,
        0.5947448015213013,
        0.5393888354301453,
        0.529788613319397,
        0.5363729000091553,
        0.5449635982513428,
        0.5420475602149963,
        0.5210103988647461,
        0.4995734989643097,
        0.5631048679351807,
        0.5408682823181152,
        0.5401254296302795,
        0.47590404748916626,
        0.5449391007423401,
        0.5251731276512146,
        0.5195035934448242,
        0.48569998145103455,
        0.4956783056259155,
        0.5005613565444946,
        0.5508166551589966,
        0.5729088187217712,
        0.4854666292667389,
        0.6106266379356384,
        0.5126702785491943,
        0.5729384422302246,
        0.531265377998352,
        0.5362170338630676,
        0.5251711010932922,
        0.5367528796195984,
        0.5039780735969543,
        0.4680931270122528,
        0.5197609066963196,
        0.4995117783546448,
        0.5280312895774841
    ],
    "evaluation_results": [
        0.5612259440779979,
        0.558640190883872,
        0.6223365745412673,
        0.6315236723945732,
        0.6444939408451972,
        0.6754684802157201,
        0.6794761269491003,
        0.709809564126656,
        0.7035731435681419,
        0.7229408698112894,
        0.7143864878725357,
        0.7317842440660416,
        0.741273502660695,
        0.7560599413789835,
        0.7442978276235913,
        0.7318363495605158,
        0.7391287842884773,
        0.7471646761184623,
        0.7366259212056728,
        0.738208984100634,
        0.7278543911552403,
        0.7388945312251911,
        0.7219541817728035,
        0.7445167758280705,
        0.7663306786219073,
        0.7534747047033452,
        0.7403395551030737,
        0.748471630078573,
        0.7464537119516792,
        0.7534535832756508,
        0.7405802799214145,
        0.7518170179527413,
        0.7296985750902736,
        0.7413831519365499,
        0.7661244767641261,
        0.7466026683732975,
        0.7474861026779822,
        0.7450117332489666,
        0.7540557983371043,
        0.7508366242745032,
        0.7548508059493035,
        0.7480123310390749,
        0.7553639598937117,
        0.786394279942187,
        0.7591373936628454,
        0.7260871903340151,
        0.7540845564956049,
        0.7545324216251413
    ]
}