{
    "config": {
        "BatchSize": 4096,
        "Epochs": 24,
        "LR": 0.01
    },
    "losses": [
        0.05290946364402771,
        0.03455917164683342,
        0.025787081569433212,
        0.18645426630973816,
        0.02883588708937168,
        0.4256339967250824,
        0.025322161614894867,
        0.023594249039888382,
        0.016537493094801903,
        0.018858136609196663,
        0.021134397014975548,
        0.024491943418979645,
        0.01520228385925293,
        0.023910287767648697,
        0.01999468170106411,
        0.017295831814408302,
        0.02119225636124611,
        0.015131700783967972,
        0.015070207417011261,
        0.016997646540403366,
        0.021205250173807144,
        0.022317763417959213,
        0.014280159026384354,
        0.014132131822407246
    ],
    "evaluation_results": [
        41.47321976157504,
        17.978307961349227,
        15.626855659174504,
        11.502492215438231,
        24.654081331884857,
        19.60554566676853,
        26.92929614770891,
        23.498668551309308,
        24.855123251152214,
        24.819837360282452,
        24.630820255680998,
        28.70359186791097,
        27.667243869342684,
        27.517695201450554,
        26.618177197283753,
        25.459179788533636,
        24.83623625123224,
        23.72323698582311,
        24.191500280037676,
        23.86213059164059,
        23.480449699648798,
        23.248273943414045,
        23.52216479130733,
        23.675071861320507
    ]
}