{
    "config": {
        "BatchSize": 16384,
        "Epochs": 24
    },
    "losses": [
        1.4790619072252817,
        1.1894269903210828,
        0.6959493108039355,
        0.5866186140227492,
        0.6276719222103593,
        0.8661181839713215,
        1.165210298378102,
        1.3321823717033776,
        1.408170188430452,
        1.45233944297707,
        1.4865698179189306,
        1.5073873814005052,
        1.510763728705636,
        1.522292888947647,
        1.5254922156786397,
        1.5287577766571603,
        1.5312143050841172,
        1.5392223065786987,
        1.521041338461159,
        1.5140896121950915,
        1.5153435399062443,
        1.5197975513708852,
        1.5080577422232524,
        1.4786227106177894
    ],
    "evaluation_results": [
        0.6856975271743746,
        0.6046342079945808,
        0.595910689026257,
        0.5536849979790348,
        0.5746730296994118,
        0.5625875932980746,
        0.5659928511972001,
        0.5681228652776733,
        0.5846493174466735,
        0.5726156272612064,
        0.5689613743970443,
        0.5770654118513665,
        0.5766043614195511,
        0.5808157813143879,
        0.5979246287299181,
        0.5895808492836057,
        0.6281329812949463,
        0.5899179591306417,
        0.5860761897352317,
        0.609683609975293,
        0.6056133446658126,
        0.6013346120802445,
        0.5884751042598453,
        0.5782533573250158
    ]
}