{
    "config": {
        "BatchSize": 4096,
        "Epochs": 24
    },
    "losses": [
        1.6122812032699585,
        1.7468900680541992,
        1.3816519975662231,
        0.723999559879303,
        0.5839325785636902,
        0.3823460638523102,
        0.24259674549102783,
        0.1776372343301773,
        0.11718533933162689,
        0.07639932632446289,
        0.10304980725049973,
        0.08900082111358643,
        0.07215593755245209,
        0.07652650773525238,
        0.08944433182477951,
        0.06629405915737152,
        0.07781524956226349,
        0.09647190570831299,
        0.0883847326040268,
        0.13359689712524414,
        0.09613265097141266,
        0.113291896879673,
        0.0928850844502449,
        0.10031270235776901
    ],
    "evaluation_results": [
        0.49822940372170316,
        0.49616966573267957,
        0.554863092161807,
        0.6342716800879211,
        0.6484637089464057,
        0.6643533014238149,
        0.6655373269759237,
        0.6948780473308561,
        0.7154733407383109,
        0.7306616857818715,
        0.7375972701267386,
        0.7220117535281316,
        0.7331352634867707,
        0.7243547202854146,
        0.7193323960702336,
        0.7231076363474911,
        0.7174797312862902,
        0.718390501729603,
        0.7222352432591741,
        0.7180457113711605,
        0.7195028236657488,
        0.7195700030543103,
        0.7131473055751705,
        0.7178058666019632
    ]
}