{
    "config": {
        "BatchSize": 32,
        "Epochs": 15
    },
    "losses": [
        0.0031293234787881374,
		0.01794145628809929,
		0.010048489086329937,
		0.05642282962799072,
		0.009990930557250977,
		0.52165687084198,
		0.05873284861445427,
		0.03830506652593613,
		0.07403522729873657,
		0.026351630687713623,
		0.11270759999752045,
		0.09660953283309937,
		0.14223121106624603,
		0.13730388879776,
		0.22192732989788055
    ],
    "evaluation_results": [
        0.7445004461245647,
		0.7487681472818521,
		0.7772955352991253,
		0.8303461846008782,
		0.8267706889294213,
		0.7824560148695567,
		0.8774359283715539,
		0.9058716810284102,
		0.9356644986405305,
		0.9322430940668502,
		0.9066110849785548,
		0.9151016933208922,
		0.8908331537584052,
		0.8845254925847663,
		0.9004780106468695
    ]
}