{
    "config": {
        "BatchSize": 4096,
        "Epochs": 48
    },
    "losses": [
        0.02962830662727356,
        0.0241653211414814,
        0.019537117332220078,
        0.021383022889494896,
        0.021835055202245712,
        0.019755030050873756,
        0.016720829531550407,
        0.018302787095308304,
        0.01695389673113823,
        0.017125379294157028,
        0.015639163553714752,
        0.013056754134595394,
        0.014795273542404175,
        0.013679726980626583,
        0.01335795409977436,
        0.011166736483573914,
        0.013175726868212223,
        0.01168553065508604,
        0.011061538010835648,
        0.011447707191109657,
        0.01200475450605154,
        0.011535624973475933,
        0.011751010082662106,
        0.010235683992505074,
        0.011524809524416924,
        0.011008139699697495,
        0.00875027198344469,
        0.010565693490207195,
        0.010229559615254402,
        0.010140162892639637,
        0.009700315073132515,
        0.00989347044378519,
        0.010876762680709362,
        0.009225288406014442,
        0.008600909262895584,
        0.009736859239637852,
        0.00801253505051136,
        0.007897427305579185,
        0.009159505367279053,
        0.007093366701155901,
        0.008101576007902622,
        0.00978023186326027,
        0.007294762413948774,
        0.008556428365409374,
        0.008705833926796913,
        0.0077183181419968605,
        0.008555645123124123,
        0.008317968808114529
    ],
    "evaluation_results": [
        0.8789919000338504,
        0.924608803932254,
        0.9390805427996655,
        0.9516657119103162,
        0.9609713934948918,
        0.9696305293079313,
        0.97391920492843,
        0.9780945862586027,
        0.9819345968070401,
        0.9850861574210606,
        0.987113526508791,
        0.9891212794572497,
        0.990389476395406,
        0.9919066054676113,
        0.9930731148602346,
        0.9942441359631918,
        0.9949833497270795,
        0.9950318036741662,
        0.9958067603815194,
        0.9961995071009522,
        0.9959552551742119,
        0.9964454827115041,
        0.9967922360283479,
        0.9974936982906135,
        0.9972159793969567,
        0.9974834994807259,
        0.9976033449271703,
        0.9975323858938003,
        0.9977085258320574,
        0.9977868905400528,
        0.99794059701892,
        0.9980924598957652,
        0.9981034551204029,
        0.9979297863883628,
        0.9982667428787195,
        0.9980770558019606,
        0.9982848251807245,
        0.9983691702116848,
        0.9981454294076064,
        0.9982797508817776,
        0.9984266608281935,
        0.9982230691970866,
        0.9985062902957024,
        0.9984227565222777,
        0.9983568287359366,
        0.9985784021013363,
        0.998545610664088,
        0.9985138334751481
    ]
}