{
    "config": {
        "BatchSize": 4096,
        "Epochs": 24,
        "LR": 0.01
    },
    "losses": [
        0.027009231969714165,
        0.017920617014169693,
        0.017094047740101814,
        0.01378345675766468,
        0.015128947794437408,
        0.012920919805765152,
        0.013350233435630798,
        0.011206913739442825,
        0.012029694393277168,
        0.011602245271205902,
        0.011208254843950272,
        0.010495993308722973,
        0.010836487635970116,
        0.010444528423249722,
        0.009495699778199196,
        0.009527414105832577,
        0.010479609481990337,
        0.009577427990734577,
        0.010891749523580074,
        0.010642713867127895,
        0.008699038997292519,
        0.009137352928519249,
        0.00787881389260292,
        0.008515824563801289
    ],
    "evaluation_results": [
        0.7351742374745512,
        0.7962127102539531,
        0.962370422905334,
        1.0882638109173632,
        1.142397730918021,
        1.15975976563269,
        1.2913707019189054,
        1.2759210530335816,
        1.2469771335013926,
        1.32551802002702,
        1.2992184054385327,
        1.3201300013119754,
        1.4080875051811699,
        1.3496272299781413,
        1.3995551944133224,
        1.3802555080390462,
        1.386217686225836,
        1.381284686022576,
        1.471036113235358,
        1.4713625714934504,
        1.47878658654398,
        1.433480645445273,
        1.476550602587431,
        1.4629066801227
    ]
}