{
    "config": {
        "BatchSize": 4096,
        "Epochs": 2,
        "LR": 0.001
    },
    "losses": [
        0.023610930889844894,
        0.019767140969634056
    ],
    "evaluation_results": {
        "all": 0.8074916628845605,
        "ATDALMTGF": 0.19128946380214934,
        "CINGVCWTV": 0.23662493921012184,
        "GILGFVFTL": 1.3171715341994932,
        "GLCTLVAML": 0.22738899126766002,
        "GPRLGVRAT": 0.17513898725249355,
        "HPVTKYIM": 0.10999205555628698,
        "KSKRTPMGF": 0.19844118980535824,
        "LLWNGPMAV": 0.23949279383049435,
        "LTDEMIAQY": 0.17409388627683436,
        "NLVPMVATV": 0.2638445035139712,
        "NQKLIANQF": 0.12151683722873019,
        "NYNYLYRLF": 0.35202014740096127,
        "RAQAPPPSW": 0.39714998727505857,
        "SPRWYFYYL": 0.14772772492558112,
        "TPRVTGGGAM": 0.1324935951165336,
        "TTDPSFLGRY": 0.19847868915363986,
        "YLQPRTFLL": 0.7485774077927714,
        "avg": 0.30773192550636114
    }
}