{
    "config": {
        "BatchSize": 16384,
        "Epochs": 6
    },
    "losses": [
        1.5355654824389158,
        1.3181791079305385,
        1.063706343626454,
        0.8665210600316959,
        0.6845852371549954,
        0.5051263696955939
    ],
    "evaluation_results": [
        0.672723825528947,
        0.676616305896778,
        0.6773442709966611,
        0.5997715610354079,
        0.5918619622854286,
        0.5729871738029251
    ]
}