{
    "config": {
        "BatchSize": 40960,
        "Epochs": 24
    },
    "losses": [
        1.6679233738354273,
        1.584707145180021,
        1.588317436831338,
        1.586629033088684,
        1.5745268634387426,
        1.5473015223230635,
        1.5002933825765337,
        1.4510713943413325,
        1.4097103135926383,
        1.3790739689554488,
        1.3716407588550024,
        1.3847192696162633,
        1.412696727684566,
        1.448592130626951,
        1.4890380672046117,
        1.5298969532762254,
        1.571815597159522,
        1.618826116834368,
        1.6771132860864912,
        1.7324626573494502,
        1.77637751187597,
        1.8032627190862383,
        1.764873253447669,
        1.7059448063373566
    ],
    "evaluation_results": [
        0.6487211933816239,
        0.6439734157651753,
        0.6437305240607005,
        0.6325081338795833,
        0.6340560307170089,
        0.633092729102444,
        0.6306745116026075,
        0.630821238948986,
        0.6325045505561093,
        0.6278009720657202,
        0.6254825389012793,
        0.6006717414103109,
        0.5911810237044104,
        0.60525533059228,
        0.5965598387159105,
        0.5404363429756931,
        0.5613919612324743,
        0.5216320411748107,
        0.5312508527270741,
        0.5469306783383943,
        0.5270380990857877,
        0.5732276051755099,
        0.527603015705292,
        0.5191494417595391
    ]
}