{
    "config": {
        "BatchSize": 4096,
        "Epochs": 24,
        "LR": 0.001
    },
    "losses": [
        0.13744542002677917,
        0.12154345214366913,
        0.09052649140357971,
        0.2584494650363922,
        0.07601051032543182,
        0.1568738967180252,
        0.12228656560182571,
        0.06067962944507599,
        0.06467895954847336,
        0.11306733638048172,
        0.08133765310049057,
        0.08343525975942612,
        0.07247775048017502,
        0.07568493485450745,
        0.11973347514867783,
        0.09347989410161972,
        0.09899130463600159,
        0.10563748329877853,
        0.12017332762479782,
        0.11300116032361984,
        0.12362417578697205,
        0.11481583118438721,
        0.11789929866790771,
        0.13068945705890656
    ],
    "evaluation_results": [
        0.20245966263246185,
        0.17461702671231494,
        0.16910773824294517,
        0.16106168003771298,
        0.173387244012861,
        0.1548127298766852,
        0.17747558294359406,
        0.19135857381699384,
        0.19819832172092666,
        0.2041484192725104,
        0.21857869535026545,
        0.2261095417714267,
        0.23421143305590278,
        0.2412963194820275,
        0.2434727342664914,
        0.26053573449166095,
        0.26462656650691024,
        0.27617057473415846,
        0.28637163964288415,
        0.29378672218876656,
        0.30082230676397037,
        0.31464305288146766,
        0.32396601100790806,
        0.33526755027936533
    ]
}