{
    "config": {
        "BatchSize": 4096,
        "Epochs": 24
    },
    "losses": [
        0.9083821773529053,
        0.18959932029247284,
        0.10291747748851776,
        0.051666438579559326,
        0.02666080929338932,
        0.025394627824425697,
        0.025089360773563385,
        0.022106913849711418,
        0.01999220997095108,
        0.01735064387321472,
        0.019648194313049316,
        0.019692907109856606,
        0.02083686739206314,
        0.022648246958851814,
        0.021815042942762375,
        0.02991252765059471,
        0.04139111191034317,
        0.0673268511891365,
        0.09781752526760101,
        0.10031446814537048,
        0.08745367079973221,
        0.06826210767030716,
        0.03759320080280304,
        0.03784027323126793
    ],
    "evaluation_results": [
        0.4949530579534313,
        0.541872381380129,
        0.5608336366841151,
        0.5672557089370414,
        0.5692262221464026,
        0.5798503644822639,
        0.5994250060299066,
        0.6082360546312711,
        0.6132406208776056,
        0.6135551891032867,
        0.6303540344014399,
        0.6138762638522026,
        0.6516933325652848,
        0.6643387737468524,
        0.6777193711372432,
        0.6722676990430267,
        0.676324970618067,
        0.7255366333668017,
        0.7674526939031475,
        0.7436520302760029,
        0.7507402310957326,
        0.7625634756738782,
        0.790441600252601,
        0.7701847565380306
    ]
}