{
    "config": {
        "BatchSize": 4096,
        "Epochs": 24
    },
    "losses": [
        0.0018136907601729035,
        0.0029380719643086195,
        0.004139041528105736,
        0.004039009101688862,
        0.0019808171782642603,
        0.003691222285851836,
        0.0029020647052675486,
        0.002434971509501338,
        0.0014184600440785289,
        0.0014699434395879507,
        0.0012295555789023638,
        0.0011160302674397826,
        0.0014747444074600935,
        0.0010098872007802129,
        0.0010256068781018257,
        0.0009949241066351533,
        0.0007049827254377306,
        0.0007457220926880836,
        0.0004439566400833428,
        0.00031727657187730074,
        0.0005528152105398476,
        0.0003619760973379016,
        0.0005198669387027621,
        0.00031353303347714245
    ],
    "evaluation_results": [
        0.6008908030134571,
        0.6009490107743103,
        0.6010670464984361,
        0.6011543232800752,
        0.6012017074751973,
        0.6011711684437363,
        0.6013914448684771,
        0.6007156860776159,
        0.6004400411888702,
        0.600671736210417,
        0.600897321910035,
        0.6009863423662097,
        0.6011315736406063,
        0.6012575580945506,
        0.6012186952654852,
        0.6012868062478992,
        0.6013780435446651,
        0.6011647829754392,
        0.6008973001423581,
        0.6009276493534056,
        0.6009869423753665,
        0.600868272788512,
        0.6007157517072922,
        0.6005011295738
    ]
}