{
    "config": {
        "BatchSize": 16384,
        "Epochs": 6
    },
    "losses": [
        1.5408393779810328,
        1.5057764679846102,
        1.5001286216025804,
        1.292151224004091,
        0.9133092491296086,
        0.6213977606627192
    ],
    "evaluation_results": [
        0.6879147188682966,
        0.6915378483821568,
        0.6701832936108243,
        0.588382382368364,
        0.6014075237234328,
        0.5560907143311595
    ]
}