{
    "config": {
        "BatchSize": 4096,
        "Epochs": 64
    },
    "losses": [
        2.162785053253174,
        1.71975576877594,
        1.7836835384368896,
        1.8591506481170654,
        1.7711102962493896,
        1.555229663848877,
        1.4954471588134766,
        1.401248574256897,
        1.3359191417694092,
        1.320334792137146,
        1.2961252927780151,
        1.122332215309143,
        1.0567442178726196,
        1.0130846500396729,
        0.9536389112472534,
        0.8827738761901855,
        0.9354050159454346,
        0.8362674713134766,
        0.8423349857330322,
        0.7814544439315796,
        0.8237727880477905,
        0.7183067202568054,
        0.7794585824012756,
        0.7016821503639221,
        0.722647488117218,
        0.7979199886322021,
        0.7967667579650879,
        0.7576431035995483,
        0.7475675940513611,
        0.7370486855506897,
        0.6579886674880981,
        0.6732673048973083,
        0.6678813099861145,
        0.6810687184333801,
        0.6790959239006042,
        0.6108278632164001,
        0.6045382618904114,
        0.6346341371536255,
        0.630843460559845,
        0.5960118770599365,
        0.5940191149711609,
        0.5878849625587463,
        0.5490492582321167,
        0.631942093372345,
        0.5294713973999023,
        0.5924500823020935,
        0.6119917035102844,
        0.5918402671813965,
        0.5249226689338684,
        0.5553229451179504,
        0.5691887140274048,
        0.5368849039077759,
        0.5965288281440735,
        0.6028251051902771,
        0.6542571783065796,
        0.6290680766105652,
        0.49961400032043457,
        0.6061131954193115,
        0.622498631477356,
        0.6984089016914368,
        0.6009528636932373,
        0.655631422996521,
        0.6331155896186829,
        0.5720455050468445
    ],
    "evaluation_results": [
        0.5460518267068215,
        0.5317784803536729,
        0.5331213511765447,
        0.5752231466366553,
        0.6025604113170206,
        0.6241626004316648,
        0.6376075087116334,
        0.6341123797734121,
        0.6503466345641059,
        0.6544990160049209,
        0.6616450462381944,
        0.6639194104764474,
        0.6649803978283645,
        0.667453406777578,
        0.6718685223792031,
        0.6672654993194599,
        0.671274602501181,
        0.6676996728415852,
        0.6671218397601781,
        0.6671370249359603,
        0.6697824695815414,
        0.66856940033023,
        0.6644661687096713,
        0.6695935925210642,
        0.6697251320835232,
        0.6706693737401478,
        0.6718806042760586,
        0.6732661708160715,
        0.6761207617701016,
        0.6778914234428899,
        0.6809642801207075,
        0.6763776275559988,
        0.6813475332585579,
        0.6796734249777777,
        0.6809650195422966,
        0.6822404379660383,
        0.6823131812433537,
        0.6826782651130184,
        0.682098683039282,
        0.6852289088736303,
        0.6861628408045157,
        0.685000119810809,
        0.6880998912802901,
        0.6904190697689525,
        0.6869867817226993,
        0.6909752308807497,
        0.69276087187713,
        0.6888103867234006,
        0.6937165738628297,
        0.6884658200781409,
        0.6895083763748538,
        0.6918761622034756,
        0.6916380283266405,
        0.6917997025461124,
        0.6939576647335319,
        0.6943087142267378,
        0.6906707028588163,
        0.6936238252150946,
        0.6948023733481287,
        0.694984985315823,
        0.69669313629636,
        0.6940455602084686,
        0.6952916401678279,
        0.6939891066793433
    ]
}