{
    "config": {
        "BatchSize": 16384,
        "Epochs": 6
    },
    "losses": [
        1.7330789827082278,
        1.7010822383156659,
        1.5837166552996114,
        1.184134538591343,
        0.7218803663323395,
        0.5047553168596143
    ],
    "evaluation_results": [
        0.6575569288022942,
        0.6430145285455071,
        0.5863034930376895,
        0.5634925092726693,
        0.5661000505452318,
        0.5468232514236686
    ]
}