{
    "config": {
        "BatchSize": 4096,
        "Epochs": 24
    },
    "losses": [
        1.6353867053985596,
        1.6827776432037354,
        1.3219412565231323,
        1.0295591354370117,
        0.847821831703186,
        0.5751502513885498,
        0.37613174319267273,
        0.2958744168281555,
        0.26657265424728394,
        0.23872895538806915,
        0.41546306014060974,
        0.740673840045929,
        0.9849177002906799,
        1.4537583589553833,
        1.4165467023849487,
        1.483161449432373,
        1.7097119092941284,
        1.6430991888046265,
        1.7705451250076294,
        1.6951942443847656,
        1.9868981838226318,
        1.7125587463378906,
        1.7735275030136108,
        1.8296051025390625
    ],
    "evaluation_results": [
        0.5596853539317477,
        0.5696417643533102,
        0.5989234127471004,
        0.6586050369977826,
        0.6978026478242133,
        0.7105164020643594,
        0.7275102837347934,
        0.7206632672456652,
        0.6930407534273713,
        0.6947461357318845,
        0.6885297845533033,
        0.6881888406583365,
        0.6937460184087053,
        0.6972932364307152,
        0.7032957140565418,
        0.7028628438120039,
        0.7053242081908395,
        0.6954978392687184,
        0.6965775862945912,
        0.695003105730861,
        0.6964456030295287,
        0.69774945312275,
        0.7098342920507477,
        0.7310147559321947
    ]
}