{
    "config": {
        "BatchSize": 2048,
        "Epochs": 64
    },
    "losses": [
        0.8221986293792725,
        0.6441509127616882,
        0.37072283029556274,
        0.21952107548713684,
        0.18115925788879395,
        0.1550176590681076,
        0.15037253499031067,
        0.1618897020816803,
        0.19234365224838257,
        0.20457823574543,
        0.19715291261672974,
        0.21776048839092255,
        0.24246227741241455,
        0.25814178586006165,
        0.25828415155410767,
        0.27524781227111816,
        0.2917726933956146,
        0.3295897841453552,
        0.30226457118988037,
        0.29933029413223267,
        0.29845044016838074,
        0.32404422760009766,
        0.33585843443870544,
        0.3701900243759155,
        0.34610623121261597,
        0.35784903168678284,
        0.4081817865371704,
        0.37515175342559814,
        0.3670040965080261,
        0.33675581216812134,
        0.3789098560810089,
        0.35020074248313904,
        0.375450074672699,
        0.3999333679676056,
        0.4230906367301941,
        0.3931123912334442,
        0.40870314836502075,
        0.42580342292785645,
        0.3917352855205536,
        0.3596535325050354,
        0.34781280159950256,
        0.3709609806537628,
        0.3966734707355499,
        0.40405526757240295,
        0.4283786416053772,
        0.40566959977149963,
        0.3968634009361267,
        0.4016195237636566,
        0.44161444902420044,
        0.4198795557022095,
        0.3877827525138855,
        0.36061325669288635,
        0.374324768781662,
        0.40084150433540344,
        0.39515671133995056,
        0.43752774596214294,
        0.4107474982738495,
        0.4308745861053467,
        0.428293377161026,
        0.39883968234062195,
        0.37792664766311646,
        0.4334823489189148,
        0.43640151619911194,
        0.42703768610954285
    ],
    "evaluation_results": [
        0.5991155231438006,
        0.6382234729746873,
        0.6518414225523568,
        0.6505266056265514,
        0.6610779375136528,
        0.6668953786367214,
        0.6664346549249863,
        0.6724504668207727,
        0.6734463362589062,
        0.6790227196854209,
        0.6735354427535876,
        0.6731921106596371,
        0.6770055780609487,
        0.6841837167804091,
        0.682469212734839,
        0.6819027664349359,
        0.6840167629324336,
        0.686463215106858,
        0.6795066097452185,
        0.6879718792966005,
        0.6840201536988715,
        0.6901618051485203,
        0.6880568798142422,
        0.6887440543012947,
        0.6925696266083927,
        0.6910939146179009,
        0.6885506159195177,
        0.6894519995682967,
        0.6928165217922315,
        0.6939030895615433,
        0.6876633712130549,
        0.6936013033130849,
        0.6956830448041506,
        0.6982588836576926,
        0.6973857472803003,
        0.6948235105724145,
        0.7003768383445989,
        0.6985420149940397,
        0.6975294438158878,
        0.6996474125224322,
        0.6956836543121677,
        0.6983879839729603,
        0.7015889833581216,
        0.6970690628601349,
        0.702828420974918,
        0.7020431728993202,
        0.6980284041374711,
        0.7014858521426313,
        0.7022589805088548,
        0.7060098626120126,
        0.7050442633366404,
        0.7011942337511037,
        0.6985278665267318,
        0.7021195487655001,
        0.7054866723705405,
        0.7068968626346316,
        0.7041666213767896,
        0.7065223747235343,
        0.7073067345838433,
        0.7036673804795203,
        0.7076480221232689,
        0.7070861622049325,
        0.7074444000487724,
        0.7084268126202405
    ]
}