{
    "config": {
        "BatchSize": 4096,
        "Epochs": 24,
        "LR": 0.001
    },
    "losses": [
        0.0029871619772166014,
        0.0014122547581791878,
        0.0005861889221705496,
        0.000666614796500653,
        0.0005609718500636518,
        0.0005659548914991319,
        0.00045652271364815533,
        0.0003921391034964472,
        0.0010187056614086032,
        0.0005510043120011687,
        0.004436577204614878,
        0.0009307949803769588,
        0.0004801479517482221,
        0.0005414308398030698,
        0.00024189405667129904,
        0.0001779235026333481,
        0.0003278684744145721,
        0.0005108872428536415,
        0.00037971194251440465,
        0.0006458985153585672,
        0.0005396290216594934,
        0.00013067373947706074,
        0.00013756551197730005,
        0.000763154006563127
    ],
    "evaluation_results": [
        1.5648315544366693,
        1.7712926634533064,
        1.786196207397083,
        1.8066768935646547,
        1.780962036291518,
        1.705558162348881,
        1.7278046602976036,
        1.676745841986764,
        1.6309222728206811,
        1.6691173122915137,
        1.4235233243016847,
        1.850596732739927,
        1.8603659629441267,
        1.8026781225235007,
        1.8048131642827836,
        1.8038461893723166,
        1.7688778604401934,
        1.7063601211035537,
        1.7741126659723239,
        1.772307181607909,
        1.7648355880431854,
        1.7644197654195224,
        1.7539466960792673,
        1.6011732602481235
    ]
}