{
    "config": {
        "BatchSize": 4096,
        "Epochs": 64
    },
    "losses": [
        1.5643696784973145,
        1.5818284749984741,
        1.5589274168014526,
        1.4773542881011963,
        1.336126685142517,
        1.199954628944397,
        1.0394459962844849,
        0.9656071662902832,
        0.8399538397789001,
        0.9355770349502563,
        0.8391065001487732,
        0.8872482776641846,
        0.716916561126709,
        0.7031405568122864,
        0.6103566288948059,
        0.6663730144500732,
        0.546883761882782,
        0.5072916150093079,
        0.49495697021484375,
        0.38463008403778076,
        0.3809299170970917,
        0.3497776985168457,
        0.37181898951530457,
        0.3801819086074829,
        0.2760864496231079,
        0.2755204737186432,
        0.28553327918052673,
        0.2681812644004822,
        0.2543472349643707,
        0.22372736036777496,
        0.26260337233543396,
        0.21834659576416016,
        0.19163185358047485,
        0.28366824984550476,
        0.23978933691978455,
        0.25160112977027893,
        0.2548682391643524,
        0.2117495983839035,
        0.21834664046764374,
        0.20507065951824188,
        0.21209391951560974,
        0.2426174432039261,
        0.17653986811637878,
        0.2151206135749817,
        0.205109104514122,
        0.23483100533485413,
        0.145777627825737,
        0.18778112530708313,
        0.1874030977487564,
        0.18456466495990753,
        0.19611667096614838,
        0.20638741552829742,
        0.1869577318429947,
        0.15309174358844757,
        0.15911807119846344,
        0.1198735460639,
        0.15695901215076447,
        0.11323723196983337,
        0.12869083881378174,
        0.13036684691905975,
        0.12075233459472656,
        0.13175804913043976,
        0.0981552004814148,
        0.10578324645757675
    ],
    "evaluation_results": [
        0.5837399083984687,
        0.5923653590059922,
        0.5797407197010553,
        0.60552451898097,
        0.6593161298238177,
        0.7496307910771804,
        0.7849424324202507,
        0.7844962073401328,
        0.7822650780328597,
        0.7595297623877458,
        0.8037643647800686,
        0.7810455349490264,
        0.8343881921739691,
        0.8194103045559447,
        0.8407294110828623,
        0.8607552038299642,
        0.8701114546284364,
        0.8750690358538954,
        0.8961865905744,
        0.9105137218126628,
        0.8929822335446862,
        0.9154776023503198,
        0.911503521962578,
        0.9031464321206137,
        0.9105745502920539,
        0.885785862266148,
        0.9047704862687436,
        0.920186134933702,
        0.9141476179660014,
        0.9206920112355771,
        0.9117847018907195,
        0.9226346113322164,
        0.9062991545484542,
        0.8855032691506365,
        0.9088870654472139,
        0.9018288191327998,
        0.9145673993038465,
        0.897282882471907,
        0.8646923147453527,
        0.8967742664478926,
        0.885858723475667,
        0.8911565691074772,
        0.9090135094134191,
        0.8906632509781812,
        0.9079910075231954,
        0.9015510249930141,
        0.9108994418580714,
        0.8952496239471418,
        0.8996649893674832,
        0.9167310690911108,
        0.9067064216541149,
        0.9182467275124152,
        0.9122209161260151,
        0.9154631118717824,
        0.9029210646334633,
        0.9185441964570602,
        0.8970172748993601,
        0.9134725939191612,
        0.9212803403614939,
        0.9191728407577127,
        0.9134741690052608,
        0.9052308997061558,
        0.9125794727631009,
        0.9183370182026873
    ]
}