{
    "config": {
        "BatchSize": 384,
        "Epochs": 24
    },
    "losses": [
        0.37344133853912354,
        0.14195403456687927,
        0.5942922234535217,
        0.6829838752746582,
        0.6407226324081421,
        1.2300127744674683,
        1.1760960817337036,
        1.0832476615905762,
        1.226107120513916,
        1.3620301485061646,
        1.3116679191589355,
        1.3263368606567383,
        1.4421916007995605,
        1.4013742208480835,
        1.3100394010543823,
        1.280766248703003,
        1.4166035652160645,
        1.600073218345642,
        1.398978590965271,
        1.436651587486267,
        1.3997490406036377,
        1.4160709381103516,
        1.3272088766098022,
        1.3407882452011108
    ],
    "evaluation_results": [
        0.5472929583479904,
        0.5704139715652814,
        0.5051348077444731,
        0.5132745866352886,
        0.5291601132738956,
        0.5964346434380292,
        0.630631810040007,
        0.645927037551812,
        0.6427492868425242,
        0.6430682173576796,
        0.6487861290840872,
        0.6537266170649247,
        0.6508639075905834,
        0.6520820162420033,
        0.650529556100568,
        0.6537169661053909,
        0.6540713047781875,
        0.6584484650642705,
        0.6546242942636884,
        0.6576201923653315,
        0.6565025712541965,
        0.6581486739161613,
        0.6590079717608569,
        0.6597683601695746
    ]
}