{
    "config": {
        "BatchSize": 40960,
        "Epochs": 12
    },
    "losses": [
        1.7558999870504652,
        1.6647089975220817,
        1.664126557963235,
        1.6637082866259985,
        1.6637744094644273,
        1.6632976872580392,
        1.663331823689597,
        1.6630137775625502,
        1.6630740293434687,
        1.6634638352053506,
        1.6631368781839098,
        1.6631664037704468
    ],
    "evaluation_results": [
        0.6494385567343891,
        0.6506655622110005,
        0.6480566863633227,
        0.6467386782347138,
        0.6455324136972904,
        0.6422896729759593,
        0.6416023575457652,
        0.6373972429120345,
        0.6379844259405445,
        0.6360340953189472,
        0.6332291309547335,
        0.627520258957901
    ]
}