{
    "config": {
        "BatchSize": 2048,
        "Epochs": 24
    },
    "losses": [
        1.5734492540359497,
        1.0960335731506348,
        0.7012056112289429,
        0.3772803246974945,
        0.19198033213615417,
        0.12910594046115875,
        0.1528903990983963,
        0.13870787620544434,
        0.18630778789520264,
        0.211741641163826,
        0.1879126876592636,
        0.20675252377986908,
        0.18314459919929504,
        0.21622540056705475,
        0.2145557403564453,
        0.20548436045646667,
        0.2372146099805832,
        0.23041728138923645,
        0.1942896693944931,
        0.21673230826854706,
        0.23960886895656586,
        0.23428604006767273,
        0.2616267800331116,
        0.236845001578331
    ],
    "evaluation_results": [
        0.4969944347371909,
        0.49402396189618225,
        0.508336531342594,
        0.5214763299359009,
        0.5160058049952774,
        0.5204592314206795,
        0.5522714180681217,
        0.5640164708384326,
        0.5758711402200174,
        0.574540408051977,
        0.5777468306722058,
        0.5827253803375274,
        0.5877510233394754,
        0.601409893248975,
        0.6002450144722394,
        0.6050255075981135,
        0.6146117235149843,
        0.6133297476635248,
        0.6159879893381677,
        0.6113272666608599,
        0.6250526214054006,
        0.6225129403485697,
        0.6238149368966707,
        0.6223686434641138
    ]
}