{
    "config": {
        "BatchSize": 16384,
        "Epochs": 6
    },
    "losses": [
        1.629156145736249,
        1.5438087908890996,
        1.5469775051966201,
        1.5147114678891036,
        0.9385099946147334,
        0.5168010923114136
    ],
    "evaluation_results": [
        0.6799283018008458,
        0.557511103906587,
        0.5484463799812571,
        0.54006129942816,
        0.530089050710526,
        0.5293806129433409
    ]
}