{
    "config": {
        "BatchSize": 4096,
        "Epochs": 48
    },
    "losses": [
        0.030838163569569588,
        0.023446792736649513,
        0.01827649585902691,
        0.017205841839313507,
        0.012618479318916798,
        0.008736265823245049,
        0.006868815515190363,
        0.0036701669450849295,
        0.004847916774451733,
        0.0029607557225972414,
        0.0016915639862418175,
        0.0017803596565499902,
        0.0012020396534353495,
        0.0011041382094845176,
        0.0012772924965247512,
        0.0006802370771765709,
        0.0009288399014621973,
        0.0006512036779895425,
        0.0005796246696263552,
        0.0012749655870720744,
        0.000438657880295068,
        0.000779811991378665,
        0.0003830089408438653,
        0.0005510467453859746,
        0.0004722395387943834,
        0.0004156030190642923,
        0.0005161970620974898,
        0.00034921191399917006,
        0.000633387069683522,
        0.0004722820012830198,
        0.0003092139377258718,
        0.0007053635199554265,
        0.0003690407320391387,
        0.00047294414252974093,
        0.00022501895728055388,
        0.0005902040284126997,
        0.0007326329359784722,
        0.00027428052271716297,
        0.00031610371661372483,
        0.0006008188938722014,
        0.000667341984808445,
        0.0002843255642801523,
        0.0006336449296213686,
        0.0005352135049179196,
        0.0006985877407714725,
        0.00031467893859371543,
        0.0007470368291251361,
        0.000508441764395684
    ],
    "evaluation_results": [
        0.8292982308741166,
        0.9298122006856863,
        0.9625331732202186,
        0.9759197189614828,
        0.9890335367741577,
        0.9949982904672684,
        0.9974258485725851,
        0.9984015453192486,
        0.9981275431453513,
        0.9993907533779013,
        0.9996149565164604,
        0.99964667868518,
        0.9998680667770757,
        0.9999317214221535,
        0.99993863873516,
        0.9999481199695304,
        0.9999551072239378,
        0.9999301458918155,
        0.9999582367390561,
        0.9999711734288009,
        0.999971228305297,
        0.9999133494767751,
        0.9999727347827108,
        0.9999807112251599,
        0.9999781724947209,
        0.999980124935127,
        0.9999650409019537,
        0.9999784694941578,
        0.9999821686665044,
        0.9999846481956568,
        0.9999842442001179,
        0.9999840724105532,
        0.999982349523757,
        0.9999851771528171,
        0.9999833704095082,
        0.9999813750739741,
        0.9999844897593727,
        0.9999858426740578,
        0.9999828843082784,
        0.9999855164202219,
        0.9999859152808886,
        0.9999836763329089,
        0.9999861110723876,
        0.9999850235770226,
        0.9999861637799556,
        0.9999860341015687,
        0.9999857930108288,
        0.9999856696040413
    ]
}