{
    "config": {
        "BatchSize": 4096,
        "Epochs": 200,
        "LR": 0.0001
    },
    "losses": [
        0.04420904815196991,
        0.034986961632966995,
        0.028155650943517685,
        0.025624746456742287,
        0.02264510467648506,
        0.02343403361737728,
        0.023245416581630707,
        0.018272310495376587,
        0.019888872280716896,
        0.020331373438239098,
        0.016875693574547768,
        0.016773980110883713,
        0.01648641936480999,
        0.016315342858433723,
        0.01618654653429985,
        0.015063142403960228,
        0.013585289940237999,
        0.013087202794849873,
        0.013416840694844723,
        0.011193517595529556,
        0.012573584914207458,
        0.01393206138163805,
        0.014129342511296272,
        0.0119359465315938,
        0.012684819288551807,
        0.01113872230052948,
        0.010053372010588646,
        0.010458418168127537,
        0.01027302909642458,
        0.010632015764713287,
        0.011709477752447128,
        0.00967122707515955,
        0.010498568415641785,
        0.010300848633050919,
        0.010446769185364246,
        0.009736452251672745,
        0.00959157943725586,
        0.009573660790920258,
        0.00917227752506733,
        0.010585947893559933,
        0.009219334460794926,
        0.009682437404990196,
        0.008482991717755795,
        0.009258562698960304,
        0.00846288911998272,
        0.008931097574532032,
        0.007780061103403568,
        0.008260496892035007,
        0.008843320421874523,
        0.0076520382426679134,
        0.008116387762129307,
        0.008295261301100254,
        0.007668917533010244,
        0.008368633687496185,
        0.008073044009506702,
        0.008881566114723682,
        0.006757607217878103,
        0.0073104738257825375,
        0.008912820369005203,
        0.007849575020372868,
        0.007913118228316307,
        0.008163223043084145,
        0.008392724208533764,
        0.007578960619866848,
        0.007971053011715412,
        0.008212625980377197,
        0.007597438991069794,
        0.008065433241426945,
        0.0075478036887943745,
        0.007342618890106678,
        0.009151415899395943,
        0.006895669735968113,
        0.00739976717159152,
        0.0076223197393119335,
        0.00718411011621356,
        0.006869657896459103,
        0.007255097851157188,
        0.007620535790920258,
        0.007908383384346962,
        0.006941070314496756,
        0.005824902094900608,
        0.006376910489052534,
        0.006707514636218548,
        0.006910619791597128,
        0.007072105538100004,
        0.006393915973603725,
        0.00736462464556098,
        0.007832041941583157,
        0.007871556095778942,
        0.006303897127509117,
        0.007122446782886982,
        0.006988275796175003,
        0.006573486607521772,
        0.006196789909154177,
        0.007477680221199989,
        0.00684881117194891,
        0.006430522073060274,
        0.00777965085580945,
        0.006439622025936842,
        0.007370632141828537,
        0.006765473634004593,
        0.006888065952807665,
        0.007391533348709345,
        0.006568157579749823,
        0.00614097248762846,
        0.007188864052295685,
        0.00668133283033967,
        0.007094149477779865,
        0.005034208297729492,
        0.006756976246833801,
        0.006264524068683386,
        0.006162887439131737,
        0.006556294392794371,
        0.007099634502083063,
        0.00735793262720108,
        0.006135503761470318,
        0.006867703050374985,
        0.006819006055593491,
        0.005578173324465752,
        0.00555130559951067,
        0.006642112508416176,
        0.006810355931520462,
        0.006623992696404457,
        0.005356458481401205,
        0.005233140662312508,
        0.006010867655277252,
        0.0059362128376960754,
        0.006210139952600002,
        0.0056592500768601894,
        0.006042627617716789,
        0.005325292702764273,
        0.005436798091977835,
        0.006061702501028776,
        0.006424924824386835,
        0.006275173742324114,
        0.005361955612897873,
        0.005895528011023998,
        0.0061702909879386425,
        0.0058662849478423595,
        0.006443907972425222,
        0.0059774769470095634,
        0.005244772881269455,
        0.006531909573823214,
        0.005821793340146542,
        0.0064536756835877895,
        0.006181847304105759,
        0.006602863781154156,
        0.005447692237794399,
        0.00563524104654789,
        0.006160109303891659,
        0.005375855602324009,
        0.0050351740792393684,
        0.00620736600831151,
        0.005570933222770691,
        0.0062010399997234344,
        0.006503603886812925,
        0.00568410474807024,
        0.006139518227428198,
        0.005488428752869368,
        0.00559615483507514,
        0.005707332864403725,
        0.005957114975899458,
        0.005700334440916777,
        0.00612569460645318,
        0.004846243653446436,
        0.005375818815082312,
        0.0056052859872579575,
        0.0057659936137497425,
        0.004684238228946924,
        0.006098170764744282,
        0.006851728539913893,
        0.005050512496381998,
        0.005108596291393042,
        0.005938401911407709,
        0.00618358701467514,
        0.00631630839779973,
        0.005611345171928406,
        0.0054529751650989056,
        0.005142467562109232,
        0.0058593605645000935,
        0.005135209299623966,
        0.005970938131213188,
        0.005040280986577272,
        0.005358121357858181,
        0.005049396771937609,
        0.005654267035424709,
        0.005804355256259441,
        0.005961619783192873,
        0.005122913047671318,
        0.005930169019848108,
        0.005510692950338125,
        0.006033680401742458,
        0.005385811906307936,
        0.004717344418168068,
        0.005159369669854641,
        0.005274773575365543,
        0.005831186193972826,
        0.005158602260053158,
        0.005254740361124277,
        0.005789740942418575
    ]
}