{
    "config": {
        "BatchSize": 32768,
        "Epochs": 6
    },
    "losses": [
        0.12803538128226052,
        0.0954213661307111,
        0.06654737030502654,
        0.04330211544722101,
        0.030516219667528377,
        0.02443274104210872
    ],
    "evaluation_results": [
        0.5577278888646537,
        0.5546952636613098,
        0.5494623727366309,
        0.5499722440324363,
        0.5356618200814814,
        0.5212974059508363
    ]
}