{
    "config": {
        "BatchSize": 4096,
        "Epochs": 24
    },
    "losses": [
        0.984233558177948,
        0.5191009640693665,
        0.40110287070274353,
        0.5516308546066284,
        0.3438986539840698,
        0.312874436378479,
        0.2176031470298767,
        0.25510910153388977,
        0.26775142550468445,
        0.1387292593717575,
        0.13437719643115997,
        0.07066017389297485,
        0.042003776878118515,
        0.04699210822582245,
        0.019772041589021683,
        0.013678042218089104,
        0.01605994440615177,
        0.018306013196706772,
        0.015248375944793224,
        0.013494293205440044,
        0.012310652062296867,
        0.01412440836429596,
        0.030577199533581734,
        0.017202088609337807
    ],
    "evaluation_results": [
        0.6570824583105938,
        0.5569404276843205,
        0.5825450489847525,
        0.5854156798682567,
        0.7041144817020978,
        0.6650416192757318,
        0.6851956157214825,
        0.591736159316001,
        0.5468331759510875,
        0.6190313858825716,
        0.6208220523378172,
        0.5956843733144738,
        0.5952182912264634,
        0.5737342755367532,
        0.5933233783607978,
        0.5937505513274985,
        0.6113118144586603,
        0.6029407687658902,
        0.5995567563050451,
        0.6105994370391782,
        0.6093907399812418,
        0.6151916420469716,
        0.6127355253376134,
        0.6113702080940459
    ]
}