{
    "config": {
        "BatchSize": 4096,
        "Epochs": 48
    },
    "losses": [
        1.607293725013733,
        1.699089527130127,
        1.8389513492584229,
        1.1409685611724854,
        0.6860026717185974,
        0.4850175380706787,
        0.46269690990448,
        0.3533864915370941,
        0.27167758345603943,
        0.2588232755661011,
        0.2471100240945816,
        0.24026942253112793,
        0.2055594027042389,
        0.1918824017047882,
        0.2036914974451065,
        0.21396608650684357,
        0.16308452188968658,
        0.14781947433948517,
        0.20770956575870514,
        0.1605183184146881,
        0.12606242299079895,
        0.19860754907131195,
        0.14979885518550873,
        0.15544988214969635,
        0.14186404645442963,
        0.165072962641716,
        0.19699758291244507,
        0.17250899970531464,
        0.21674849092960358,
        0.17982283234596252,
        0.2308385670185089,
        0.21713589131832123,
        0.21320079267024994,
        0.1973074972629547,
        0.1742825210094452,
        0.23106521368026733,
        0.21093061566352844,
        0.20345698297023773,
        0.21190917491912842,
        0.19765450060367584,
        0.16513359546661377,
        0.18826179206371307,
        0.17270691692829132,
        0.17422683537006378,
        0.15874262154102325,
        0.13423560559749603,
        0.17748159170150757,
        0.155436173081398
    ],
    "evaluation_results": [
        0.5972888047250865,
        0.6059573434950943,
        0.612848506296212,
        0.6222874335796454,
        0.6260395351953391,
        0.6292963863365808,
        0.629632935225229,
        0.6279206056869532,
        0.6293084465180225,
        0.6244313732805136,
        0.6236916410382632,
        0.632642350740605,
        0.6416084043163299,
        0.6437053233657973,
        0.6456370590006497,
        0.6615074674389319,
        0.6742840864161902,
        0.6889599963713111,
        0.6881578103385102,
        0.694478692697329,
        0.6905252983837449,
        0.689620316496175,
        0.6866251969221573,
        0.6838595720312416,
        0.6882302048364943,
        0.6860091257413967,
        0.6872090777854224,
        0.6859736230655237,
        0.6982785791980279,
        0.6928180013148328,
        0.7106715838586297,
        0.7236238356630569,
        0.7274078709571652,
        0.7478863663537347,
        0.7602616753041819,
        0.7625535648218715,
        0.766872406392052,
        0.7819358085114346,
        0.7700591540767632,
        0.7830002213457065,
        0.787965093749901,
        0.787265138200234,
        0.8079797737452025,
        0.7843802383301837,
        0.7931509730111329,
        0.7921396234491158,
        0.803913159368286,
        0.8017730539927354
    ]
}